2010,2015,lgcode
125358854,124283901,000001
5482650,5348768,010006
1904060,1937785,011002
218958,235280,011011
276374,281851,011029
254759,259619,011037
202511,207888,011045
211217,217089,011053
145647,140507,011061
210764,212670,011070
128126,127344,011088
139445,140298,011096
116259,115239,011100
278310,264537,012025
131548,121415,012033
344481,335678,012041
94272,88203,012050
180811,174120,012068
167634,168800,012076
125407,120936,012084
10867,8755,012092
89949,84215,012106
40828,38807,012114
24344,22106,012122
172926,172161,012131
39328,36082,012149
25959,23000,012157
16569,14634,012165
123434,120094,012173
12595,11051,012181
24414,22705,012190
21727,19815,012203
30457,28926,012211
10208,9059,012220
28880,26633,012238
93033,95212,012246
43110,41054,012254
19034,17666,012262
4375,3581,012271
23623,21846,012289
24158,22742,012297
51411,49500,012301
69012,69450,012319
36174,34893,012335
60229,58912,012343
59335,57232,012351
47970,46299,012360
22249,20565,013005
18736,17237,013030
3513,3328,013048
100155,91899,013307
8726,7306,013315
5099,4392,013323
5073,4649,013331
5313,4527,013340
28419,28087,013374
4722,4161,013439
17663,15757,013455
18806,17162,013463
6334,5858,013471
41949,37797,013609
8994,8241,013617
5405,4866,013625
4383,4033,013633
4406,3904,013641
3029,2684,013676
6170,5626,013706
9562,8443,013714
100309,92767,013901
1781,1498,013919
3393,3101,013927
3244,3078,013935
5277,4827,013943
4750,4812,013951
2187,2091,013960
2008,1854,013978
2488,2282,013986
3803,3174,013994
15319,14826,014001
6421,6220,014010
14425,13008,014028
1881,1769,014036
1122,1004,014044
2515,2115,014052
3580,3161,014061
3685,3355,014079
21171,19492,014087
1259,1100,014095
79190,72532,014206
8740,7892,014231
6183,5666,014249
4075,3470,014257
5879,5304,014273
11686,11061,014281
13297,12283,014290
4844,4558,014303
2202,1981,014311
7242,6825,014320
3462,3083,014338
2728,2511,014346
3047,2739,014362
2193,1979,014371
3612,3180,014389
96366,91418,014508
7342,7014,014524
9281,10219,014532
7081,6682,014541
4039,3776,014559
3299,2941,014567
4504,4002,014575
7787,7900,014583
10944,10252,014591
11531,10804,014605
5473,5057,014613
2810,2544,014621
1378,1150,014630
3830,3588,014648
3563,3225,014656
3756,3515,014681
5159,4646,014699
991,825,014702
1891,1755,014711
1707,1523,014729
28519,25554,014800
5019,4436,014818
3699,3321,014826
3645,3254,014834
7961,7318,014842
1368,1216,014851
3060,2789,014869
3767,3220,014877
33426,30674,015105
2706,2579,015113
4068,3763,015121
1972,1755,015130
9012,8289,015148
4360,4036,015164
3055,2749,015172
2579,2302,015181
3017,2774,015199
2657,2427,015202
117735,109342,015407
21534,20239,015431
5631,4997,015440
12983,12142,015458
4545,4218,015466
5348,5062,015474
5425,5082,015491
3422,3088,015504
5755,5219,015521
22206,20826,015555
9888,9100,015598
3017,2710,015601
4203,3843,015610
1133,1105,015628
4726,4359,015636
7919,7352,015644
60325,55476,015709
4507,4270,015717
3224,2905,015750
19290,17649,015784
4879,4815,015814
10098,9221,015849
8702,8112,015857
9625,8504,015865
74865,68540,016004
13519,12268,016012
5471,5189,016021
5721,5531,016047
14311,13001,016071
5103,4504,016080
5381,4883,016098
25359,23164,016101
180086,173456,016306
45041,44701,016314
6358,6093,016322
5045,4727,016331
5677,5497,016349
6624,6215,016357
9942,9544,016365
18879,18443,016373
3978,3946,016381
3362,3178,016390
5950,5690,016411
7859,6997,016420
26501,26704,016438
7519,6871,016446
3386,3157,016454
8252,7340,016462
7618,6981,016471
2643,2461,016489
5452,4911,016497
65917,61508,016608
20486,19802,016616
10524,9686,016624
6486,6017,016632
8261,7705,016641
8264,7734,016659
2613,2517,016675
9283,8047,016683
51087,49336,016900
15699,15070,016918
23925,23696,016926
5618,5214,016934
5845,5356,016942
1367057,1302132,020001
297395,286000,022012
182305,176698,022021
236874,229422,022039
35975,34222,022047
58276,55058,022055
65869,63175,022063
40928,39839,022071
60724,58303,022080
37217,33265,022098
33721,32077,022101
25868,22945,023001
12335,11117,023019
3199,2752,023035
3270,2894,023043
7064,6182,023078
21067,18521,023205
11398,10106,023213
9669,8415,023230
1593,1415,023400
1593,1415,023434
35128,32610,023604
16001,15167,023612
10975,9672,023621
8152,7771,023671
42133,38456,023809
15188,13912,023817
14236,13376,023841
12709,11168,023876
100185,96427,024007
14222,13440,024015
16735,15677,024023
10203,10364,024058
4873,4519,024066
19051,17884,024082
11035,10440,024112
24066,24103,024121
18451,15936,024201
6328,5216,024236
7243,6598,024244
2460,1975,024252
2420,2147,024261
73348,67763,024406
11270,10087,024414
18658,17383,024422
6147,5536,024431
19797,18272,024457
14633,13983,024465
2843,2502,024503
1322417,1272745,030007
295302,295258,032018
59299,56509,032026
40378,37790,032034
101085,97398,032051
92588,93024,032069
36679,35438,032077
29247,27971,032085
117764,120790,032093
23184,19654,032107
39438,36633,032115
29550,27446,032131
28514,26243,032140
124341,118952,032158
,55281,032166
93865,36861,033006
17981,16952,033014
7286,6331,033022
14870,13578,033031
53728,,033057
60323,60134,033201
33189,32536,033219
27134,27598,033227
6594,5874,033600
6594,5874,033669
16234,15780,033804
16234,15780,033812
8328,7837,034002
8328,7837,034029
9002,,034207
9002,,034223
6142,5631,034401
6142,5631,034410
15204,11719,034606
15204,11719,034614
36215,31836,034801
18532,15786,034827
10764,9803,034835
3833,3459,034843
3086,2788,034851
39082,35898,035009
10140,9276,035017
4616,4139,035033
6486,5849,035068
17840,16634,035076
14059,12788,035203
14059,12788,035246
2325744,2291508,040002
1029911,1047815,041009
283265,299022,041017
188870,190144,041025
130734,127023,041033
217867,221622,041041
209175,210004,041050
159671,145907,042021
56181,53831,042030
73032,64538,042056
37239,35065,042064
72881,76065,042072
31174,30005,042081
62544,61761,042099
44044,44364,042111
83570,81540,042129
74666,69429,042137
42763,39343,042145
134463,132494,042153
14514,13717,043001
12839,12266,043010
1675,1451,043028
84556,83587,043206
23449,23607,043214
11970,11460,043222
39189,39387,043231
9948,9133,043249
15408,13874,043401
15408,13874,043419
51404,45714,043605
34748,33449,043613
16656,12265,043621
69306,68503,044008
15061,14386,044016
20350,18603,044041
33895,35514,044067
85906,93147,044202
24806,27790,044211
8901,8340,044229
46893,51367,044237
5306,5650,044245
32807,30826,044407
7400,7182,044440
25407,23644,044458
42548,41443,045004
17444,16661,045012
25104,24782,045055
9843,6235,045802
9843,6235,045811
17313,12305,046001
17313,12305,046060
1078608,1017149,050008
318664,312469,052019
58857,54114,052027
98000,91838,052035
78694,73896,052043
32232,28317,052060
50730,46479,052078
34359,31950,052094
84911,79609,052108
34397,33047,052116
88094,82580,052124
36215,33106,052132
27466,25266,052141
29469,27440,052159
6043,5331,053007
6043,5331,053031
2706,2361,053201
2706,2361,053279
30810,27673,053406
3815,3345,053465
18820,17041,053481
8175,7287,053490
25805,23592,053601
10500,9451,053619
6601,6055,053635
5489,4980,053660
3215,3106,053686
21599,20229,054208
21599,20229,054348
19557,17852,054607
16695,15248,054631
2862,2604,054640
1161087,1116752,060003
252177,251876,062014
88664,85372,062022
135728,128954,062031
110712,105566,062049
38495,36585,062057
42007,40986,062065
33653,31423,062073
26612,24501,062081
29267,27513,062090
61792,61757,062103
46205,47544,062111
18857,16860,062120
33465,32106,062138
27069,25650,063002
15100,14333,063011
11969,11317,063029
42954,39914,063207
19773,18834,063215
6220,5598,063223
7794,7063,063231
9167,8419,063240
8089,7295,063401
8089,7295,063410
45113,40732,063606
6313,5782,063614
9761,8836,063622
6132,5606,063631
9115,8102,063649
3720,3393,063657
4823,4291,063665
5249,4722,063673
42093,39437,063801
24857,23747,063819
17236,15690,063827
31943,29214,064009
8839,7840,064017
15217,14110,064025
7887,7264,064033
30767,29290,064203
7698,7700,064262
23069,21590,064289
15425,14177,064602
15425,14177,064611
2012016,1898880,070009
288525,290903,072010
125390,123128,072028
334622,332735,072036
340056,346941,072044
63955,61324,072052
78747,77102,072079
52081,49133,072087
37404,38221,072095
59478,57855,072109
40129,38190,072117
70557,57337,072125
65673,62107,072133
31350,30794,072141
38275,36029,073008
12812,12238,073016
10011,9452,073032
15452,14339,073083
8519,8650,073202
8519,8650,073229
18990,18020,073407
12750,12449,073423
6240,5571,073440
29760,27057,073601
6424,5780,073628
634,613,073644
4907,4462,073679
17795,16202,073687
30013,27921,074004
3167,2818,074021
7347,6557,074055
3754,3571,074071
15745,14975,074080
24651,22933,074209
17296,16210,074217
3355,3196,074225
4000,3527,074233
28562,26041,074403
1914,1660,074446
2457,2183,074454
1495,1318,074462
22696,20880,074471
49682,48675,074608
19520,20038,074616
6736,6423,074641
5135,4985,074659
18291,17229,074667
35107,32821,074802
14990,14220,074811
6329,5934,074829
9813,9097,074837
3975,3570,074845
44577,40815,075001
17710,15814,075019
7203,6718,075027
6827,6407,075035
6865,6548,075043
5972,5328,075051
29263,28638,075205
18133,18235,075213
11130,10403,075221
72294,7293,075400
5375,4302,075418
7665,970,075426
15890,0,075434
2789,2003,075442
11441,0,075451
6901,0,075469
20708,0,075477
1525,18,075485
14356,8217,075604
8189,8176,075612
6167,41,075647
2922821,2862997,080004
263291,266098,082015
191621,183548,082023
141475,138092,082031
141550,138923,082040
78862,75093,082058
51221,50119,082074
79220,76631,082082
43645,42022,082104
62419,58966,082112
56112,52180,082121
30883,29492,082147
46831,44141,082155
78754,76163,082163
108666,105374,082171
80545,82655,082198
207614,213960,082201
155375,154580,082210
65534,67006,082228
30208,28728,082236
61587,63989,082244
44966,42363,082252
54090,54045,082261
106990,102959,082279
55226,52753,082287
46151,42088,082295
42970,41336,082309
45533,42468,082317
91764,92290,082325
36761,34159,082333
48336,46249,082341
44148,48744,082350
51392,50097,082368
73099,68575,083003
34142,32583,083020
17540,16264,083097
21417,19728,083101
37210,37484,083402
37210,37484,083411
19990,17968,083607
19990,17968,083640
74434,71618,084409
17075,15615,084425
47231,46881,084433
10128,9122,084476
22325,21211,085201
22325,21211,085219
34633,32689,085405
9346,8661,085421
25287,24028,085464
17390,16141,085600
17390,16141,085642
1964917,1927885,090000
496873,496618,092011
151849,146451,092029
137574,156531,092037
119136,116968,092045
99824,97119,092053
89186,82808,092061
158307,161450,092088
78877,76711,092096
75228,74163,092100
34900,33046,092118
115137,115059,092134
44523,44651,092142
29029,26867,092151
59117,58876,092169
31429,30757,093009
31429,30757,093017
6503,,093203
6503,,093211
67000,62906,093408
24142,23113,093424
14965,13135,093432
11967,11596,093441
15926,15062,093459
82883,64604,093602
39230,39561,093611
25515,25043,093645
18138,,093670
42653,40660,093807
12490,11435,093840
30163,29225,093866
44889,41640,094005
26535,24759,094072
18354,16881,094111
1964136,1930380,100005
333911,330440,102016
365650,366791,102024
120173,113351,102032
197776,199299,102041
208813,211927,102059
50654,48213,102067
76936,74757,102075
82750,77821,102083
67449,65198,102091
51533,49286,102105
60678,58130,102113
51440,50324,102121
33974,35155,103403
14302,14197,103446
19672,20958,103454
3643,3164,103608
1298,1215,103667
2345,1949,103675
24827,22663,103802
8858,7541,103829
2409,1974,103837
13560,13148,103845
60463,55612,104205
18058,16683,104213
5997,5502,104248
10032,9489,104256
6997,6383,104264
3891,3656,104281
15488,13899,104299
37297,34195,104400
4893,4375,104434
3890,3640,104442
7302,7011,104485
21212,19169,104493
36625,36030,104604
36625,36030,104647
99544,98024,105201
15584,14926,105210
11120,10911,105228
11263,11063,105236
34891,35068,105244
26686,26056,105252
7054944,7111168,110001
1193583,1231350,111007
83129,86176,111015
133745,138725,111023
102464,108530,111031
154230,158121,111040
94328,97087,111058
94407,95142,111066
142235,150147,111074
171209,175409,111082
108178,114423,111091
109658,107590,111104
336044,342390,112011
200024,195907,112020
485787,554619,112038
84612,80945,112062
66453,63070,112071
336956,332308,112089
82709,79756,112097
113921,111116,112101
77419,75966,112119
88597,89358,112127
234298,228702,112143
153660,150072,112151
55311,53652,112160
117807,116729,112178
142461,141357,112186
221273,221569,112194
237677,242138,112216
320566,331637,112224
68260,68268,112232
116408,131241,112241
148481,146798,112259
59942,,112267
123502,132585,112275
68656,70938,112283
78238,79155,112291
156023,159326,112305
74008,73425,112313
152377,150491,112321
68539,66869,112330
80563,83905,112348
104457,104760,112356
128734,133581,112372
62984,61844,112381
99818,99412,112399
53360,51707,112402
69184,69317,112411
56838,55791,112429
64524,68701,112437
104209,109199,112453
,51041,112461
42252,44021,113000
42252,44021,113018
89512,86470,113204
38346,37968,113247
38703,36880,113263
12463,11622,113271
138821,132631,113409
17061,17846,113417
18590,18071,113425
32736,30979,113433
21989,20592,113468
20942,19501,113476
15236,14264,113484
12267,11378,113492
44397,40808,113603
8993,8469,113611
10843,10100,113620
7881,7308,113638
13345,12026,113654
3335,2905,113697
55655,54272,113808
11539,11139,113816
14152,13435,113832
29964,29698,113859
35463,33796,114006
35463,33796,114081
83174,33298,114405
33236,33298,114421
49938,,114456
77407,74877,114600
46588,45084,114642
30819,29793,114651
6023584,6047216,120006
921395,940070,121002
190309,201262,121011
171970,171929,121029
151344,154190,121037
148766,145811,121045
120503,125552,121053
138503,141326,121061
68179,62556,122025
428868,439737,122033
595400,606058,122041
48927,47082,122050
127531,131502,122068
457942,469318,122076
152886,150905,122084
91248,88103,122106
124347,126696,122114
170659,170417,122122
59852,58669,122131
68008,65474,122157
162651,165274,122165
395688,401194,122173
20613,19102,122181
272804,268228,122190
161639,171710,122203
186466,189553,122211
127711,129851,122220
35332,33500,122238
105229,107242,122246
88157,84787,122254
47711,45185,122262
161261,159602,122271
86006,87673,122289
59728,60176,122297
72128,69061,122301
87172,91287,122319
59676,60991,122327
49356,47765,122335
41727,38760,122343
39443,36855,122351
82039,76713,122360
55429,51605,122378
40534,38129,122386
,48574,122394
43211,41500,123200
20819,20503,123226
22392,20997,123293
37145,34555,123404
6388,6091,123421
15713,14441,123471
15044,14023,123498
99327,47017,124001
49537,,124028
17593,16216,124036
7777,7311,124095
24420,23490,124109
62943,59676,124206
11956,11682,124214
7314,7186,124222
14649,14279,124231
12027,11077,124249
7954,7274,124265
9043,8178,124273
18300,17082,124401
10604,9796,124419
7696,7286,124435
8916,7982,124605
8916,7982,124630
12623619,12948463,130001
8500358,8836254,131008
46367,54556,131016
118767,136426,131024
191967,226132,131032
286398,300013,131041
188896,203429,131059
165018,184053,131067
237617,247294,131075
444062,472414,131083
357100,377177,131091
260870,269854,131105
666330,682048,131113
860559,885544,131121
185391,201487,131130
297620,303659,131148
506982,537827,131156
261282,268302,131164
316790,323835,131172
188851,194017,131181
495700,544630,131199
694121,708899,131202
656755,635615,131211
430978,429760,131229
641937,649283,131237
568293,557072,132012
176848,158804,132021
134890,140732,132039
179363,179486,132047
138341,135945,132055
247986,252444,132063
110292,109136,132071
215461,222372,132080
419062,421852,132098
114970,116352,132101
181924,185070,132110
177454,180877,132128
150319,146302,132136
117575,118100,132144
73125,72375,132152
56998,55060,132187
76857,77885,132195
81800,83563,132209
73233,73128,132217
115500,113813,132225
69052,69597,132233
146510,144809,132241
83200,85646,132250
55379,54580,132276
80258,79906,132284
192817,194043,132292
58145,57044,133001
32979,32558,133035
16591,17080,133051
2549,2197,133078
6026,5209,133086
13528,12763,133604
8425,7799,133612
339,336,133621
2878,2739,133639
1886,1889,133647
2978,2775,133809
2632,2441,133817
346,334,133825
8333,7674,134007
8135,7497,134015
198,177,134023
2770,3004,134201
2770,3004,134210
8846903,8887304,140007
3605282,3623330,141003
263798,273724,141011
227197,231972,141020
90560,93710,141038
131290,130622,141046
188654,185600,141054
202820,198948,141062
160595,162038,141071
205024,198232,141089
322329,335944,141097
270897,270824,141101
219375,212502,141119
248660,244800,141127
175408,176683,141135
125285,122657,141143
123771,120769,141151
153118,151453,141160
301292,304622,141178
195209,208230,141186
1379849,1417032,141305
205410,209927,141313
149173,150283,141321
226861,241088,141330
211234,222093,141348
205895,206819,141356
214786,214476,141364
166490,172346,141372
696024,702664,141500
171846,169965,141518
258454,262503,141526
265724,270196,141534
415505,402019,142018
257408,252417,142034
172759,171683,142042
405647,415045,142051
195020,190974,142069
232961,236944,142077
57915,56964,142085
48157,45062,142107
165992,163206,142115
219060,219615,142123
219536,225742,142131
99681,99120,142140
125188,127427,142158
125974,124959,142166
43721,42928,142174
80093,81224,142182
32558,31872,143006
32558,31872,143014
46973,47221,143201
46973,47221,143219
62283,59658,143405
32916,31406,143413
29367,28252,143421
67398,65139,143600
9922,9463,143618
17901,16977,143626
11621,11121,143634
11702,10682,143642
16252,16896,143669
48473,43654,143804
13726,11551,143821
8160,7293,143839
26587,24810,143847
43446,41405,144002
40009,38204,144011
3437,3201,144029
2355361,2289345,150002
803913,804275,151009
76953,75698,151017
136739,136646,151025
177435,181598,151033
68848,68554,151041
76973,76578,151050
46777,45499,151068
159697,161676,151076
60491,58026,151084
280201,272959,152021
101596,98740,152048
90676,86086,152056
100555,98041,152064
38431,36319,152081
29634,27758,152099
58524,54600,152102
41554,40450,152111
66187,62178,152129
81380,79351,152137
47365,43883,152161
35214,33024,152170
54421,51247,152188
201749,195649,152226
45344,43237,152234
62460,57043,152242
40169,37198,152251
60975,57861,152269
31169,30108,152277
13680,13973,153001
13680,13973,153079
8565,8190,153401
8565,8190,153427
12759,12151,153605
12759,12151,153613
13261,11645,153800
13261,11645,153851
4896,4518,154008
4896,4518,154059
8341,7982,154601
8341,7982,154610
10768,9942,154806
10768,9942,154822
4793,4763,155004
4793,4763,155047
6781,6174,155802
6418,5805,155811
363,369,155861
1078898,1052353,160008
415076,413600,162019
173566,168288,162027
44648,42530,162043
51311,47604,162051
33440,32529,162060
41629,40779,162078
48857,48484,162086
31770,30121,162094
54038,50713,162108
92185,90666,162116
52045,49881,163201
2962,2975,163210
21743,20738,163228
27340,26168,163236
40333,37158,163406
26790,25018,163422
13543,12140,163431
1154833,1138322,170003
455261,459419,172014
57434,54354,172022
106224,103700,172031
29687,27052,172049
16205,14560,172057
71320,66608,172065
22958,21661,172073
34407,33973,172090
109820,108537,172103
47906,48008,172111
,53831,172120
6118,6323,173207
6118,6323,173240
50661,,173401
50661,,173444
63190,63367,173606
36751,36634,173614
26439,26733,173657
36224,33386,173801
22068,20317,173843
14156,13069,173860
18380,17445,174009
18380,17445,174076
29038,26098,174602
9683,8712,174611
19355,17386,174637
791396,774337,180009
259698,261162,182010
66843,65326,182028
30998,29380,182044
34938,32771,182052
25195,23899,182061
66677,67488,182079
29721,28455,182087
82628,78589,182095
90876,89136,182109
20355,19576,183202
20355,19576,183229
3037,2629,183806
3037,2629,183822
11472,10748,184004
11472,10748,184047
23009,21422,184209
23009,21422,184233
10522,9871,184403
10522,9871,184420
19399,18693,184802
10913,10449,184811
8486,8244,184837
16028,15192,185001
16028,15192,185019
848421,819205,190004
194088,187062,192015
50028,47946,192023
33187,31421,192040
36601,34973,192058
28006,25282,192066
31764,30018,192074
71726,69745,192082
46528,44683,192091
72303,73225,192104
69630,68660,192112
26993,24634,192121
33811,31336,192139
29447,29698,192147
16882,15508,193402
16882,15508,193461
40648,36817,193607
1245,1067,193640
14370,12566,193658
8949,8033,193666
16084,15151,193682
16863,18863,193801
16863,18863,193844
48419,48050,194204
1908,1737,194221
4528,4317,194239
8556,8777,194247
5253,5129,194255
2936,2902,194298
25238,25188,194301
1497,1284,194409
815,724,194425
682,560,194433
2119073,2067713,200000
377769,373035,202011
238680,239056,202029
156045,153889,202037
52159,49512,202045
103279,99821,202053
50015,49122,202061
51785,50242,202070
43345,41872,202088
69270,66837,202096
32922,32300,202100
45115,43477,202118
29372,27654,202126
23366,21239,202134
55317,55195,202142
66290,66030,202151
99538,98205,202177
61309,59679,202185
30225,29718,202193
95073,94153,202207
26315,24300,203009
5095,4609,203033
4189,3881,203041
3126,2980,203050
1099,983,203068
826,749,203076
11980,11098,203092
40764,40582,203203
18794,18638,203211
14329,14760,203238
7641,7184,203246
11306,10445,203408
4578,4321,203491
6728,6124,203505
43867,41868,203602
21287,20022,203611
15090,14327,203629
7490,7519,203637
83716,81325,203807
20592,19457,203823
25401,24274,203831
9697,9351,203840
14200,14785,203858
5039,4807,203866
8787,8651,203882
63461,60007,204005
13557,13072,204021
13107,12985,204030
5402,4912,204048
6901,6426,204072
561,482,204099
1118,960,204102
4165,3813,204111
647,571,204129
1637,1351,204137
1878,1671,204145
6612,6242,204153
6726,6504,204161
1150,1018,204170
30731,28095,204200
5182,4613,204226
4779,4286,204234
3102,2899,204251
952,827,204293
4109,3781,204307
12607,11689,204323
23045,22047,204404
2947,2772,204463
1941,1830,204480
8340,8321,204501
4709,4434,204510
5108,4690,204528
32522,31330,204803
10256,9859,204811
9963,9833,204820
9111,8786,204854
3192,2852,204862
15466,14594,205206
15466,14594,205214
18516,17640,205401
10982,10654,205419
7534,6986,205435
22298,20425,205605
13555,12327,205613
4904,4632,205621
3839,3466,205630
23994,22079,205800
9174,8408,205834
3024,2653,205885
11796,11018,205907
2198,1940,206008
2198,1940,206024
2037175,1989980,210005
403786,396875,212016
156572,156048,212024
92164,88724,212032
110850,109041,212041
89855,87788,212059
80113,78005,212067
22219,20367,212075
39658,37943,212083
65923,66378,212091
53194,50592,212105
50225,51477,212113
59257,56423,212121
142618,142257,212130
93194,93522,212148
29111,26669,212156
50216,52573,212164
26603,24590,212172
34686,33681,212181
44206,41730,212199
35952,33241,212202
37468,34759,212211
45790,46609,213004
23281,24092,213021
22509,22517,213039
31026,28732,213403
31026,28732,213411
35641,34260,213608
27640,26940,213616
8001,7320,213624
44610,43271,213802
19752,18993,213811
9754,9659,213829
15104,14619,213837
71913,68713,214001
23591,21407,214019
23658,23241,214035
24664,24065,214043
18084,17731,214205
18084,17731,214213
52060,48644,215007
7818,7699,215015
5412,5458,215023
10416,10078,215031
4462,3856,215040
11990,10978,215058
9465,8329,215066
2497,2246,215074
18466,17750,215201
18466,17750,215210
1715,1587,216003
1715,1587,216046
3688016,3626991,220001
707621,696609,221007
252677,251124,221015
209870,208902,221023
245074,236583,221031
774750,775380,221309
227196,227427,221317
122030,125071,221325
111237,109292,221333
98462,96996,221341
92896,92446,221350
89338,94121,221368
33591,30027,221376
199353,192234,222038
39348,37270,222054
110724,108694,222062
130201,128784,222071
70404,67162,222089
99373,97106,222097
249407,244284,222101
162765,161491,222119
140742,136499,222127
113297,111526,222135
140486,142237,222143
87384,86542,222151
81921,82615,222160
24792,22738,222194
53549,51984,222208
57461,57319,222216
34043,31102,222224
33770,31872,222232
44604,44497,222241
48721,47739,222259
47938,44475,222267
48431,43325,223000
13983,12572,223018
7974,7274,223026
9475,8494,223042
7624,6817,223051
9375,8168,223069
38351,37397,223204
38351,37397,223255
92344,92459,223409
31432,31150,223417
40447,41927,223425
20465,19382,223441
36980,35324,224201
28974,28225,224243
8006,7099,224294
19256,18327,224600
19256,18327,224618
7174451,7260847,230006
2156092,2213811,231002
150644,156040,231011
66217,74158,231029
159852,158670,231037
139359,144376,231045
127363,129186,231053
60004,75018,231061
98562,102077,231070
101631,103022,231088
62126,62882,231096
213906,213743,231100
143565,139829,231118
135485,132312,231126
163450,168449,231134
224664,237041,231142
156788,159264,231151
152476,157744,231169
361687,361263,232017
362760,371753,232025
374977,374461,232033
128049,125225,232041
116211,114067,232050
299165,298864,232068
176731,177673,232076
64447,62380,232084
69598,68237,232092
141371,145751,232106
406666,408242,232114
172726,178312,232122
103446,162427,232131
80366,78656,232149
73557,72588,232157
54098,55093,232165
98265,96311,232173
141418,143242,232190
134412,134415,232203
49195,46462,232211
106185,109638,232220
83421,86253,232238
83349,82786,232246
64420,65879,232254
79642,79006,232262
42196,43881,232271
45465,45370,232289
66937,66947,232297
82675,86643,232301
63028,61173,232319
64468,62508,232327
64482,65793,232335
80125,82519,232343
42151,42127,232351
58445,60059,232360
85109,85179,232378
,55691,232386
91835,41869,233005
40969,41869,233021
50866,,233048
13922,14740,233404
13922,14740,233421
55272,56384,233609
22122,22893,233617
33150,33491,233625
69644,70251,234206
29398,30048,234249
35809,35880,234257
4437,4323,234273
160582,158459,234401
25269,27471,234419
48428,47753,234427
20187,18291,234451
24919,23274,234460
41779,41670,234478
57890,,234800
23516,,234818
22102,,234826
12272,,234834
37201,38873,235008
37201,38873,235016
10770,9586,235601
5707,5041,235610
3731,3419,235628
1332,1126,235636
1812500,1776805,240001
277412,273562,242012
300757,303457,242021
128908,126923,242039
164983,160624,242047
137494,137174,242055
190657,189087,242071
79713,78217,242080
19912,17879,242098
49128,48396,242101
21314,19278,242110
19582,17247,242128
44660,44505,242144
54418,49935,242152
93199,87286,242161
6649,6165,243001
6649,6165,243035
25247,24859,243205
25247,24859,243248
62361,64368,243400
39233,39640,243418
9521,10345,243434
13607,14383,243442
48303,46745,244406
15317,14807,244414
22658,22439,244422
10328,9499,244431
48297,45142,244601
15162,15270,244619
8659,8265,244708
9756,8862,244716
14720,12745,244724
18332,16121,245402
18332,16121,245437
21174,19835,245607
9354,8703,245615
11820,11132,245623
1376541,1386795,250007
331015,336584,252018
108552,111315,252026
119694,113949,252034
80230,80179,252042
126870,134938,252069
75114,79037,252077
62642,65815,252085
89832,88463,252093
49075,49098,252107
52342,52206,252115
51964,49607,252123
112309,111678,252131
39539,38324,252140
35306,33794,253804
22471,21494,253839
12835,12300,253847
19426,20186,254207
19426,20186,254258
22631,21622,254401
7439,7304,254410
7447,6992,254428
7745,7326,254436
2557625,2533645,260002
1408039,1412924,261009
116673,113823,261017
79785,79894,261025
158395,159595,261033
96288,107342,261041
39312,37377,261050
74493,78160,261068
94121,94703,261076
195050,196292,261084
273361,270861,261092
132299,131984,261106
148262,142893,261114
78643,77894,262013
87727,82967,262021
35487,33494,262030
186653,180950,262048
19794,18316,262056
91061,88163,262064
79333,76242,262072
53802,52895,262081
79215,79390,262099
73649,71936,262102
66833,69195,262111
58716,54711,262129
34874,32783,262137
69283,72165,262145
15011,15069,263001
15011,15069,263036
15606,15252,263206
15606,15252,263222
17996,17027,263401
8376,7855,263435
9620,9172,263443
44601,44111,263605
1624,1363,263648
4475,3946,263656
35433,36176,263664
3069,2626,263672
15614,14341,264008
15614,14341,264075
25688,23820,264601
2403,2105,264636
23285,21715,264652
8584957,8524530,270008
2517740,2497380,271004
98095,94914,271021
66082,65335,271039
64314,62841,271047
80627,76015,271063
81816,76417,271071
68088,63592,271080
64012,70187,271098
49390,60402,271110
93720,92719,271136
168524,166962,271144
72327,74307,271152
103996,100803,271161
89883,86722,271179
160809,154530,271187
102752,104647,271195
150176,147388,271209
126984,120914,271217
111710,103321,271225
163381,170079,271233
108917,108343,271241
123731,118835,271250
192715,189032,271268
101439,115480,271276
74252,73595,271284
827862,822849,271403
144129,142749,271411
122033,122512,271420
84882,84558,271438
131830,133776,271446
152298,144638,271454
153750,156070,271462
38940,38546,271471
196879,192805,272027
384838,390645,272035
102166,101029,272043
350771,368005,272051
76114,74686,272060
353064,348009,272078
89984,88038,272086
143247,138207,272094
394377,392430,272108
270677,275515,272116
258451,259922,272124
100094,99336,272132
117668,112862,272141
233685,235536,272159
112085,105975,272167
123126,119063,272175
123502,119850,272183
182648,183147,272191
128220,129099,272205
73583,69958,272213
116735,111762,272221
126549,120678,272230
82769,83729,272248
59017,56150,272256
65680,64714,272264
473978,478933,272272
63939,61468,272281
56989,55498,272299
77202,76032,272302
57829,57344,272311
56374,53964,272329
28773,29723,273007
28773,29723,273015
33502,30072,273201
21909,19867,273210
11593,10205,273228
17415,16847,273406
17415,16847,273414
70332,68248,273601
44901,44118,273619
8009,8282,273627
17422,15848,273660
37093,35022,273805
14113,13652,273813
16981,16007,273821
5999,5363,273830
5459903,5398880,280003
1482000,1480458,281000
203864,205882,281018
126882,129540,281026
100183,101478,281051
94624,90811,281069
162927,158290,281077
218122,215735,281085
224451,216554,281093
107630,120303,281107
243317,241865,281115
523474,524437,282014
438729,436015,282022
286065,290035,282031
473485,464695,282049
47020,43903,282057
91795,93579,282065
193020,194183,282073
30819,29799,282081
84965,81505,282090
263799,264453,282103
50221,48206,282120
42306,40394,282138
222561,220728,282146
80250,76334,282154
92870,89772,282162
155334,155221,282171
48818,47969,282189
112406,111807,282197
47253,43634,282201
42771,40956,282219
26391,24179,282227
67078,64055,282235
49562,46641,282243
32626,30556,282251
46262,43705,282260
40713,37615,282278
39809,39484,282286
80027,77015,282294
31569,30698,283002
31569,30698,283011
22949,21048,283606
22949,21048,283657
63681,64099,283801
30835,30735,283819
32846,33364,283827
44786,42950,284408
13216,12207,284424
19308,19324,284432
12262,11419,284467
33251,33478,284602
33251,33478,284645
16527,15168,284807
16527,15168,284815
19169,17420,285005
19169,17420,285013
35542,32686,285803
19605,17965,285854
15937,14721,285862
1386302,1351535,290009
361848,357227,292010
67957,64325,292028
88287,86188,292036
67762,66495,292044
124232,122885,292052
59462,56747,292061
34313,30825,292079
30057,26656,292087
116953,117239,292095
74324,75656,292109
35632,36435,292117
34097,30959,292125
4098,3660,293202
4098,3660,293229
78163,76726,293407
19644,18773,293423
23172,23400,293431
27496,27174,293440
7851,7379,293458
47806,46653,293601
8535,8348,293610
7393,6795,293628
31878,31510,293636
3968,3289,293806
1869,1534,293857
2099,1755,293865
13486,12693,294004
7642,7188,294012
5844,5505,294021
96895,95558,294209
23623,21538,294241
21900,22827,294250
32923,33344,294268
18449,17849,294276
46962,41319,294403
8594,7341,294411
18864,17925,294420
6995,5649,294438
836,656,294446
1571,1353,294462
523,449,294471
4088,3498,294497
1032,889,294501
682,511,294519
1638,1310,294527
2139,1738,294535
992144,956199,300004
364177,360592,302015
54506,51552,302023
65995,63357,302031
30382,28261,302040
25823,24501,302058
78679,74390,302066
31287,28966,302074
65529,62297,302082
51938,52764,302091
10372,9186,303003
10372,9186,303046
27062,24629,303402
18140,16921,303411
4958,4368,303437
3964,3340,303445
47871,45624,303607
13130,12159,303615
7697,7192,303623
27044,26273,303666
54429,51364,303801
8054,7447,303810
7424,7628,303828
6475,5817,303836
8594,8054,303909
13421,12681,303917
10461,9737,303925
42097,40438,304000
22615,21415,304018
14771,14909,304042
4711,4114,304069
41997,38278,304204
16984,15585,304212
3241,3080,304221
3088,2816,304247
486,445,304271
18198,16352,304280
582154,567993,310000
194740,191670,312011
146037,147341,312029
50382,48761,312037
34904,33773,312045
12318,11412,313009
12318,11412,313025
29829,27293,313203
3827,3237,313254
7666,7121,313289
18336,16935,313297
57717,54958,313602
6982,6440,313645
16938,16484,313700
18425,17310,313718
15372,14724,313726
43710,41772,313807
3274,3407,313840
17421,16419,313866
11470,10889,313891
11545,11057,313904
12517,11013,314005
5426,4751,314013
3725,3265,314021
3366,2997,314030
708701,687180,320005
189694,204206,322016
61043,57508,322024
142461,168998,322032
49728,47420,322041
37736,34912,322059
41697,39370,322067
25435,24207,322075
41673,38845,322091
14282,,323004
14282,,323047
14357,12986,323403
14357,12986,323438
5510,5004,323802
5510,5004,323861
27248,,324001
27248,,324019
21089,19350,324400
3876,3427,324418
5324,4886,324485
11889,11037,324493
15132,13852,325007
8377,7602,325015
6755,6250,325058
21616,20522,325201
2365,2345,325252
3130,3015,325261
655,613,325279
15466,14549,325287
1912378,1885691,330001
695248,705613,331007
292648,301515,331015
140250,143648,331023
96263,94603,331031
166087,165847,331040
463628,461359,332020
105174,103053,332038
64100,60313,332046
53950,50201,332054
43473,40884,332071
65358,65862,332089
34301,31500,332097
33635,30412,332101
37510,34799,332119
37569,36601,332127
43225,42998,332135
48771,45874,332143
30214,27799,332151
35993,34104,332160
15258,14311,333409
15258,14311,333468
12192,12121,334201
12192,12121,334235
10854,10807,334405
10854,10807,334456
14910,13984,334600
14910,13984,334618
953,861,335801
953,861,335860
13525,12784,336009
13525,12784,336068
17226,16992,336203
11151,11097,336220
6075,5895,336238
1509,1458,336408
1509,1458,336432
20842,19226,336602
5284,4882,336637
15558,14344,336661
12960,11775,336807
12960,11775,336815
2795205,2795626,340006
1140724,1172808,341002
117452,130802,341011
118586,118360,341029
135510,139923,341037
180299,186447,341045
229062,239870,341053
148183,143570,341061
77691,78275,341070
133941,135561,341088
237668,225484,342025
28522,26291,342033
98998,94401,342041
143323,136795,342050
446004,456972,342076
42228,39706,342084
56176,53028,342092
39980,36658,342106
28584,27530,342114
184155,186574,342122
112831,113750,342131
31017,29030,342149
26807,23930,342157
115176,114498,343005
49894,50347,343021
27691,27872,343048
24403,23605,343072
13188,12674,343099
26987,24991,343609
7234,6442,343684
19753,18549,343692
8356,7888,344206
8356,7888,344311
17365,16126,344605
17365,16126,344621
10304,9166,345407
10304,9166,345458
1436515,1390689,350001
276078,264735,352012
171712,167501,352021
195513,196048,352039
53432,49188,352047
115607,115090,352063
54673,55224,352071
142265,134858,352080
52696,51053,352101
37931,35089,352110
34598,32808,352128
28418,25990,352136
147981,143402,352152
63950,62145,352161
19010,17127,353001
19010,17127,353051
6280,6205,353205
6280,6205,353213
32654,30792,353400
3327,2800,353418
15940,15260,353434
13387,12732,353442
3717,3434,355003
3717,3434,355020
776242,747141,360007
259997,253499,362018
60815,58662,362026
40425,38586,362034
75512,72668,362042
43581,41160,362051
38873,36902,362069
32139,30186,362077
29490,26672,362085
7529,6814,363006
5753,5280,363014
1776,1534,363022
2573,2280,363201
2573,2280,363219
31829,30648,363405
25863,25386,363413
5966,5262,363421
9306,8385,363600
9306,8385,363685
22786,20400,363804
4788,4232,363839
7727,7057,363871
10271,9111,363880
95976,96810,364002
14992,15090,364011
21203,22153,364029
33027,34349,364037
14138,13244,364045
12616,11974,364053
10454,8905,364606
10454,8905,364681
14957,14564,364801
14957,14564,364894
981113,961844,370002
410755,411933,372013
108268,108333,372021
55201,52687,372030
33598,32716,372048
62180,58926,372056
52518,49963,372064
33437,30837,372072
68008,65011,372081
31043,28679,373206
15051,13940,373222
15992,14739,373249
28299,27454,373401
28299,27454,373419
3311,3123,373605
3311,3123,373648
42541,41978,373800
18071,18516,373869
24470,23462,373877
51954,50204,374008
9925,9146,374032
23033,22806,374041
18996,18252,374067
1415381,1365508,380008
508538,502860,382019
164676,155995,382027
83917,77052,382035
38214,34795,382043
120451,118781,382051
111034,106836,382060
46957,43818,382078
37831,36611,382108
89166,86623,382132
41819,38673,382141
34960,34365,382159
7310,6818,383406
7310,6818,383562
9600,8413,383805
9600,8413,383864
52124,51129,384003
30248,29956,384011
21876,21173,384020
18012,16694,384208
18012,16694,384224
10817,9572,384402
10817,9572,384429
15927,14643,384801
4360,4002,384844
11567,10641,384887
24028,21830,385000
24028,21830,385069
758057,722728,390003
339271,334124,392014
15128,13453,392022
19483,17506,392031
49127,47693,392049
28506,26721,392057
24254,22198,392065
22500,20833,392081
15973,13733,392090
35800,34164,392103
33682,32808,392111
28564,27246,392120
18745,17139,393002
2904,2525,393011
3531,3314,393029
2927,2725,393037
2967,2628,393045
1365,1290,393053
1011,821,393061
4040,3836,393070
8753,7476,393401
4088,3548,393410
4665,3928,393444
4746,4376,393606
4336,3981,393631
410,395,393649
31508,28170,393801
25036,22667,393860
6472,5503,393878
62299,57338,394009
7561,6822,394017
13902,13082,394025
6360,5782,394033
3979,3605,394050
5439,5020,394106
6385,5770,394114
18673,17257,394122
19718,17750,394203
5775,5086,394246
1670,1561,394271
12273,11103,394289
4986581,4995297,400009
959171,942781,401005
103423,98814,401013
84070,81722,401030
60848,58429,401056
175437,175407,401064
212963,211032,401072
70270,68136,401081
252160,249241,401099
1420471,1478656,401307
277271,293776,401315
208628,207703,401323
167270,183547,401331
242030,249403,401340
190545,203206,401358
124790,127229,401366
209937,213792,401374
122547,115962,402028
294804,297254,402036
57327,56582,402044
130289,128078,402052
50263,47999,402061
71184,67472,402079
68769,63944,402109
48219,47985,402117
37307,34537,402125
69952,70002,402133
26880,25740,402141
43948,41484,402150
58313,57459,402168
99363,100305,402176
105971,108411,402184
94364,98390,402192
94251,95513,402206
69807,71352,402214
57479,57414,402231
55252,58566,402249
31483,29397,402257
29912,27855,402265
42345,38522,402273
55904,51731,402281
40642,38039,402290
97873,95785,402303
49493,49736,403008
49493,49736,403059
213177,223738,403407
38304,37664,403415
31234,31064,403423
43177,44841,403431
25892,27011,403440
24523,30093,403458
8354,8169,403482
41693,44896,403491
95485,92999,403806
15257,14148,403814
29305,28660,403822
31922,31433,403831
19001,18758,403849
25421,23543,404004
8505,7679,404012
16916,15864,404021
13801,13421,404209
13801,13421,404217
31507,31343,404403
29078,29173,404471
2429,2170,404489
15138,14947,405001
15138,14947,405035
14296,14105,405205
14296,14105,405221
20145,19942,405400
20145,19942,405442
83698,77433,406007
11640,10837,406015
10889,9914,406023
9593,9005,406040
18193,16708,406058
5493,5172,406082
3248,3013,406091
24642,22784,406104
56303,54355,406201
34808,34157,406210
21495,20198,406252
34027,32520,406406
6761,6595,406422
7827,7441,406465
19439,18484,406473
843877,827702,410004
234887,234458,412015
126355,122220,412023
68012,72030,412031
21338,19680,412040
56806,54853,412058
50490,48899,412066
30658,29568,412074
45023,44038,412082
28857,27216,412091
32742,31745,412104
16333,16334,413208
16333,16334,413275
53001,51845,413402
17724,17389,413411
9189,9263,413453
26088,25193,413461
6375,5898,413801
6375,5898,413879
20869,20038,414000
20869,20038,414018
42325,40131,414204
7345,6761,414239
9475,9535,414247
25505,23835,414255
9806,8749,414409
9806,8749,414417
1414600,1365241,420000
438580,422923,422011
258085,253319,422029
47262,45259,422037
139256,137425,422045
90082,92365,422053
34811,31825,422070
24994,23223,422088
34309,31340,422096
29343,27047,422100
40535,37235,422118
30819,28293,422126
46980,43811,422134
50160,46333,422142
72263,71837,423009
42391,42339,423076
29872,29498,423084
38676,37169,423203
8883,8280,423211
14594,14029,423220
15199,14860,423238
16394,16139,423807
2842,2555,423831
13552,13584,423912
22051,19698,424005
22051,19698,424111
1798586,1771440,430005
,731935,431001
,181624,431010
,188808,431028
,92276,431036
,127059,431044
,142168,431052
720898,,432016
130879,125886,432024
35486,33721,432032
55097,53177,432041
26905,25346,432059
69169,66371,432067
55210,52060,432083
50003,47842,432105
37648,36887,432113
29804,26933,432121
61644,59563,432130
28246,26772,432148
88761,82564,432156
54837,58195,432164
11342,10288,433403
11342,10288,433489
43667,40812,433608
5537,5235,433641
10499,9726,433675
16422,15684,433683
11209,10167,433691
68392,73710,434001
31108,33220,434035
37284,40490,434043
39219,37172,434205
4396,4003,434230
7849,7142,434248
1591,1486,434256
6676,6285,434281
6762,6785,434329
11945,11471,434337
87198,85529,434400
17856,17194,434418
8642,9027,434426
32618,33541,434434
11153,10691,434442
16929,15076,434477
12696,11957,434604
12696,11957,434680
24334,22300,434809
19281,17632,434825
5053,4668,434841
58896,54732,435007
11056,10740,435015
10530,9771,435058
4369,3980,435066
2399,2225,435074
4923,4458,435104
1203,1050,435112
3676,3417,435121
4246,3696,435139
16494,15395,435147
8255,7688,435201
8255,7688,435317
1183206,1150436,440001
468494,471777,442011
121222,117558,442020
83522,82548,442038
70519,65878,442046
76615,71844,442054
41265,38515,442062
19804,17923,442071
24256,22180,442089
23594,22374,442097
31920,30011,442101
58674,55792,442119
39328,36415,442127
34573,34007,442135
31857,28432,442143
2189,1991,443204
2189,1991,443221
28020,27886,443409
28020,27886,443417
27354,25305,444600
10383,9610,444618
16971,15695,444626
1127597,1096407,450006
396368,396770,452017
168557,164124,452025
130776,124939,452033
57281,53767,452041
48031,45773,452050
62840,61501,452068
20341,18674,452076
32542,30614,452084
21350,19215,452092
24708,25188,453404
24708,25188,453412
9988,9289,453609
9988,9289,453617
28088,26858,453803
20873,19527,453820
7215,7331,453838
74139,71002,454001
21644,20965,454010
18050,17300,454028
1240,1088,454036
5171,5225,454044
16909,16044,454052
11125,10380,454061
30003,28130,454206
18808,18125,454214
1877,1735,454290
3085,2803,454303
6233,5467,454311
22585,20563,454401
13707,12741,454419
4460,3943,454427
4418,3879,454435
1693314,1631662,460001
597930,588677,462012
104516,103021,462039
23322,21759,462047
23100,21138,462063
55333,53303,462080
44152,41637,462101
16904,15909,462136
17164,15395,462144
99163,95639,462152
50717,49120,462161
39175,36439,462179
126189,124864,462187
31096,29190,462195
38647,35370,462209
32888,31274,462217
46017,43071,462225
38959,36120,462233
29235,26750,462241
74668,74973,462250
1075,1159,463001
418,404,463035
657,755,463043
24049,22248,463809
24049,22248,463922
11055,10380,464007
11055,10380,464040
11555,10288,464406
11555,10288,464520
14103,13081,464601
14103,13081,464686
41581,37453,464805
6759,6450,464821
8940,7882,464902
8781,7524,464911
17101,15597,464929
28397,26699,465003
8673,8123,465011
6207,5736,465020
13517,12840,465054
72324,66705,465208
1764,1530,465232
1930,1719,465241
9857,9032,465259
6069,5794,465275
8132,7175,465291
12041,11117,465305
6621,5945,465313
6825,6349,465321
7031,6711,465330
6743,6160,465348
5311,5173,465356
1377248,1410487,470007
308872,312043,472018
90260,93687,472051
46612,47179,472077
109455,112834,472085
59474,60262,472093
57161,58288,472107
129203,137566,472115
57122,60443,472123
116563,117620,472131
51828,50834,472140
39661,41847,472158
64247,63732,473006
5169,4888,473014
3204,3050,473022
1785,1717,473031
9229,9491,473065
13833,13476,473081
10043,10136,473111
5305,5579,473138
10957,11147,473146
4722,4248,473154
145673,147819,473201
37773,39019,473243
13714,13562,473251
26754,27580,473260
15569,15835,473278
17548,19221,473286
34315,32602,473294
94425,99361,473405
16247,18020,473481
35139,37293,473502
750,715,473537
859,862,473545
858,757,473553
451,428,473561
1422,1299,473570
660,627,473588
1372,1227,473596
1574,1496,473600
8469,7721,473618
26624,28916,473626
1208,1180,473707
1208,1180,473758
5484,5792,473804
3836,3960,473812
1648,1832,473821
